study,config,label,n_seeds,final_f1_macro_mean,final_f1_macro_std,final_f1_weighted_mean,final_f1_weighted_std,auc_f1_macro_mean,auc_f1_macro_std,auc_f1_weighted_mean,auc_f1_weighted_std
6_1,rep_full,Full,3,0.8445870888632452,0.022028060508769286,0.8917124964199408,0.020938876645012424,0.6727411520319636,0.03839584439259874,0.7392961289490868,0.035397207193462905
6_1,rep_spatial,Spatial-only,3,0.8126344599708448,0.01808789091329561,0.8688191512111424,0.015846706942574278,0.6825633504163238,0.02543503291534977,0.7512095411617968,0.029638509690013585
6_1,rep_spectral,Spectral-only,3,0.8320060899505285,0.005432805923405038,0.88242611934802,0.004488080000501846,0.6977216406887708,0.0142747024728586,0.7492648903334763,0.018717990641364802
6_2,hier_L1,"L=1, k=[50]",3,0.8091345311829063,0.019628295840644846,0.8510832230413853,0.02193075229874517,0.6565877290191899,0.029802944225928857,0.7065206126785006,0.04086965417516716
6_2,hier_L2a,"L=2, k=[300,100]",3,0.8209155046419468,0.01501277576954504,0.871198045767693,0.007960779556966065,0.6833296911754403,0.02451359605610157,0.7337667359261131,0.02439265020814241
6_2,hier_L2b,"L=2, k=[100,50]",3,0.8046340469710275,0.022800908187663095,0.8502857424147027,0.02234794014231884,0.6775486501131991,0.015098121794856638,0.725767499931008,0.017712637999439628
6_2,hier_L3,"L=3, k=[300,100,50]",3,0.811622110080729,0.01867759542243639,0.8608109318863382,0.018328320661033168,0.6684550171437464,0.0118896278066333,0.725445648468049,0.009020995926005615
6_2,hier_L4,"L=4, k=[300,100,50,25]",3,0.8076118797734365,0.016261679022811896,0.8566916130304285,0.012529800743302106,0.6678697888013871,0.009609998651775946,0.7300494149641953,0.01332104562449475
6_3,stage_full,RNHAL (full),3,0.8470816361413263,0.020304650697932674,0.8949468102646898,0.01895156238813333,0.6845336437517082,0.012351789782785734,0.7487716020446269,0.02108779534266721
6_3,stage_no_representation,w/o representation module,3,0.7763540508609892,0.00426523402301731,0.8377891653388705,0.006816623453992275,0.6076666069757939,0.04269001112711527,0.6897855335671668,0.038697982570174295
6_3,stage_no_hierarchy,w/o hierarchical module,3,0.7640975087292756,0.022631602569613673,0.8123711484327834,0.02277729123507929,0.6019870058350735,0.029882990874760908,0.6514349003345654,0.014684794080796123
